continent,Count,Median Error (km),Acc@200km (%)
Africa,160,847.8186645507812,34.375
Antarctica/Ocean,14,49.19243621826172,64.28571428571429
Asia,647,306.2649841308594,46.21329211746523
Europe,1067,176.22547912597656,51.73383317713215
North America,975,259.79693603515625,47.38461538461539
Oceania,50,32.07300662994385,54.0
South America,84,894.33544921875,40.476190476190474
