type,Count,Median Error (km),Acc@200km (%)
Urban (P),2997,241.7821350097656,47.981314647981314
