continent,Count,Median Error (km),Acc@200km (%)
Africa,160,977.9151611328125,25.0
Antarctica/Ocean,14,231.41961669921875,50.0
Asia,647,425.71484375,39.56723338485317
Europe,1067,164.25375366210938,53.514526710403
North America,975,1732.8115234375,20.51282051282051
Oceania,50,775.4110107421875,42.0
South America,84,572.1863403320312,35.714285714285715
