type,Count,Median Error (km),Acc@200km (%)
Urban (P),2997,467.18841552734375,37.53753753753754
