System,Median (km),Acc@1km,Acc@25km,Acc@200km,Acc@750km,Acc@2500km,Evaluated N,Coverage
A1,534.935546875,4.5,16.1,35.5,55.2,74.4,2997,100.0%
A2,465.2269287109375,5.1 (4.3-5.9),17.4 (16.1-18.8),37.5 (35.7-39.2),58.0 (56.2-59.7),75.8 (74.2-77.3),2997,100.0%
A3,467.18841552734375,1.9 (1.4-2.4),15.5 (14.2-16.8),37.5 (35.8-39.3),58.0 (56.2-59.7),75.8 (74.2-77.3),2997,100.0%
A4,467.18841552734375,1.9 (1.4-2.4),15.5 (14.2-16.9),37.5 (35.8-39.2),58.0 (56.2-59.7),75.8 (74.2-77.3),2997,100.0%
